"YearsExperience","ActualSalary","PredictedSalary"
2.2,39891,47453.9865134673
4.1,57081,65616.1671899469
4.9,67938,73263.4011589909
9,105582,112455.475250342
9.6,112635,118190.900727125
10.3,122391,124882.230450038
