YearsExperience,ActualSalary,PredictedSalary
1.5,37731.0,40748.96184072197
10.3,122391.0,122699.62295593882
4.1,57081.0,64961.65717021785
3.9,63218.0,63099.142144872014
9.5,116969.0,115249.56285455546
8.7,109431.0,107799.50275317211
